id,first_name,last_name,email,gender
1,Athena,Elijahu,aelijahu0@moonfruit.com,Female
2,Selinda,Paladini,spaladini1@who.int,Female
3,Charmain,Sousa,csousa2@imgur.com,Female
4,Perry,Harvett,pharvett3@uiuc.edu,Male
5,Debbi,Seeler,dseeler4@usda.gov,Female
6,Reinhold,Wilcockes,rwilcockes5@chicagotribune.com,Male
7,Tarah,Quilkin,tquilkin6@usatoday.com,Female
8,Maddie,Mion,mmion7@issuu.com,Male
9,Alfie,Gobel,agobel8@yahoo.co.jp,Female
10,Nadean,Paulich,npaulich9@wikispaces.com,Female
11,Olympia,Schneidar,oschneidara@storify.com,Female
12,Maurice,Keaveny,mkeavenyb@omniture.com,Male
13,Bertha,Ambrus,bambrusc@boston.com,Female
14,Dianna,Porson,dporsond@seattletimes.com,Agender
15,Tades,Able,tablee@disqus.com,Male
16,Brandie,Meade,bmeadef@elegantthemes.com,Genderqueer
17,Traci,Whillock,twhillockg@oracle.com,Female
18,Amabelle,Kobieriecki,akobierieckih@tuttocitta.it,Female
19,Tybi,Steel,tsteeli@blinklist.com,Female
20,Desmond,Raddon,draddonj@blogs.com,Male
